序号,城市,区,名称,地址,电话,营业时间,配套设施,室内,室外,硬地,红土,草地
1,北京,密云,朗茬网球俱乐部(密云城区中心店）,新中街185号,15010353537,周一至周日 06:00-23:30,"有储物柜
无烟环境
有休息区
空调开放
有卫生间",3,0,,,
2,北京,密云,密云⼀颗⽹球俱乐部,"沙河早市5
号楼304",18310976253,周一至周日 06:00-23:30,,1,3,,,
3,北京,平谷,永煜网球俱乐部,世纪隆购物中心步行1.3km,13611228179,周一至周日 09:00-22:00,,1,0,,,
4,北京,平谷,乐动力桃花运动中心(原平谷体育中心),体育中心西路60号,先到先得,周一至周日 09:00-21:00,,0,1,,,
5,北京,顺义,马坡网球中心,良白路马卷村南临1号,17611030809,周一至周日 08:00-22:00,"寄存柜
更衣室
暖气
训练服
球拍",1,3,,,
6,北京,顺义,DH网球俱乐部,馨园五路与安华街交叉口西南360米,15010168146,周一至周日 06:00-22:00,"有休息区
有卫生间
无烟环境
空调开放",3,0,,,
7,北京,顺义,凤凰红土网球场,裕园路762乡,18514753573,周一至周日 06:00-24:00,,0,1,,,
8,北京,顺义,TENNIS 360网球馆,天柱东路甲6号,13520465517,周一至周日 08:00-22:00,"有淋浴间
有卫生间
有储物柜
有休息区
空调开放
无烟环境",5,0,,,
9,北京,顺义,飞凡动力网球俱乐部-天竺店,天竺镇府前二街13号院,16518860110,周一至周日 06:00-22:00,,2,0,,,
10,北京,顺义,RTG国际网球俱乐部(耀悦室外校区),后沙峪地区左堤路西甲3号(北京耀悦体育馆)>,13141231229,营业中 09:00-22:00,"有淋浴间
有卫生间
有储物柜
无烟环境
有休息区
空调开放",4,0,,,
11,北京,顺义,丽斯花园网球场,空港街道开发街16号丽斯花园别墅南区,18519999750,"周一至周四,周六,周日 08:00-20:00",,0,1,,,
12,北京,顺义,鹏林网球俱乐部,古城路与古城村西大街交叉口北240米,18301381963,周一至周日 08:00-22:00,"有储物柜
无烟环境
有休息区
空调开放
有卫生间",4,0,,,
13,北京,顺义,态尼斯网球(室内店),15号线后沙峪,13641380454,周一至周日 06:00-23:00,"有储物柜
有卫生间
无烟环境",3,4,,,
14,北京,顺义,北京国测国际会议会展中心网球场,汇海南路与鑫桥南路交叉口西北240米,50907998,周一至周日 09:00-21:00,,4,0,,,
15,北京,顺义,菁苗网球俱乐部(后沙峪校区),铁回路后沙峪开发区南2门,13269237905,周一至周日 08:00-22:00,,2,0,,,
16,北京,怀柔,童牛小镇体育 ,庙城镇焦高路西头,13426246701,周一至周日 08:00-22:00,"有储物柜
无烟环境
有休息区
空调开放
有卫生间",1,0,,,
17,北京,延庆,世园国际匹克球运动中心,北京世园公园国际馆B馆,13693570451,周一至周日 10:00-12:00 14:00-21:30,,2,0,,,
18,北京,延庆,梦起源网球馆,湖南东路16号>,13693570451,"10:00-12:00,14:00-21:30",,2,0,,,
19,北京,门头沟,YY 网球运动中心·网球场地·网球,龙泉地区门头沟城子大街西100米九狮壁(北京)体育文化有限公司>,17611176648,周一至周日 08:00-22:00,,0,3,,,
20,北京,房山,网冠网球馆(房山店),房山线良乡大学城西,15790694312,周一至周日 08:00-22:00,,4,0,,,
21,北京,房山,拱辰街道体育馆,于管营村委会西190米,没接电话,周一至周日 08:00-22:00,,1,0,,,
22,北京,大兴,得乐网球(西罗园网球场),西罗园路与南三环中路辅路交叉口北220,18518533633,周一至周日 08:00-22:00,,0,4,,,
23,北京,大兴,Prime Tennis铂金网球,北京市大兴区全季酒店育乐网球大兴荟聚店育乐网球(大兴荟聚店),18513391826,周一至周日 08:00-22:00,,2,0,,,
24,北京,大兴,趣打网球(室内店),博兴八路13号>,13141254222,周一至周日 24小时营业,"有淋浴间
无烟环境
有休息区
空调开放
有卫生间",2,0,,,
25,北京,大兴,毅思趣网球俱乐部(维恩堡店,旧宫镇科技路一号,小程序,周一至周日 06:00-23:00,"有休息区
无烟环境",0,1,,,
26,北京,大兴,越动网球俱乐部,旧宫镇隆德路1号逸龙星体育公园内>,没有,周一至周日 08:00-22:00,,0,1,,,
27,北京,大兴,OPeNSTAR网球俱乐部,南四环东路城外诚家居广场3层,15801360082,周一至周日 09:00-22:00,,2,0,,,
28,北京,大兴,旺兴湖网球俱乐部,庑殿路15号(成和园小区正门南侧),18514777108,营业中 07:00-22:00 ,,3,2,,,
29,北京,大兴,永承国际网球俱乐部,兴盛工业园同济中路7号5号楼,13436818284,营业中 07:00-23:00,"有淋浴间
有卫生间
有储物柜
无烟环境
有休息区
空调开放",2,0,,,
30,北京,大兴,未来一号网球羽毛球篮球体育公园(亦庄店,兴盛街与永昌东二路交叉口东南200米,19913233846,周一至周日 24小时营业,24小时,1,0,,,
31,北京,大兴,蓝星网球室内俱乐部,东马路99号玉华林玻璃城内,15117900863,周一至周日 08:00-23:00,"有休息区
有卫生间
空调开放
免费点心
器材租赁",2,0,,,
32,北京,大兴,未来壹号红土网球运动中心(,隆华路与旧忠路交叉口西140米,13811966927,周一至周日 24小时营业,"有淋浴间
有卫生间
有储物柜
无烟环境
有休息区
空调开放
24小时",4,0,,,
33,北京,昌平,得乐网球培训,4号线高米店南,13911529021,周一至周日 08:00-22:00,,0,3,,,
34,北京,昌平,正赛嘉篮球俱乐部,13号线回龙观,18601245330,营业中 08:00-22:00,"有休息区
有卫生间
无烟环境
空调开放",3,0,,,
35,北京,昌平,回龙观体育公园-网球场,回龙观体育文化公园西门东45米,13522591911,营业中 08:00-22:00,,0,4,,,
36,北京,昌平,九华国际运动中心,小汤山沙顺路75号九华国际会展中心C座,15810493657,周一至周日 09:00-21:00,,24,0,,,
37,北京,昌平,馨朗界(奥北)网球俱乐部,北京市昌平区王府花园网球场,370880858,营业中 08:00-22:00,有休息区,0,2,,,
38,北京,昌平,乐动力回龙观体育中心,"13号线回龙观
836米",18601245330,营业中 08:00-22:00,,3,0,,,
39,北京,昌平,挥悦网球,西三旗北路新康园-3期12号楼底商2层,18611728146,营业中 07:00-22:00,,8,2,,,
40,北京,昌平,拓能壹加网球俱乐部,北三环东路甲6号格兰云天大酒店2幢1层,18270863563,周一至周日 07:00-22:00,,0,3,,,
41,北京,昌平,上东体育中心·网球篮球足球匹,太平庄中街与42公里绿道交叉口东120米,15910820335,周一至周日 07:00-23:00,,0,23,,,
42,北京,昌平,埃德网球俱乐部(,东升科技园路与西小口路交叉口南行30米西侧停车场进门右边 >,13021235627,周一至周日 07:00-23:30,,4,1,,,
43,北京,昌平,干行网球学院,昌平路碧水庄园14号碧水网球>,没接电话,周一至周日 08:00-23:00,"有淋浴间
无烟环境",1,0,,,
44,北京,昌平,龙域网球场,龙域中心A座龙域网球场>,18811100567,周一至周日 07:00-22:00,,0,2,,,
45,北京,通州,得乐网球·北关网球馆,迪帆国际幼儿园东南1门旁,13911980705,营业中 08:00-22:00,,4,0,,,
46,北京,通州,大运河森林公园网球场,云帆路大运河庙停车场北230米,1910623151,营业中 06:00-22:00,,0,3,,,
47,北京,通州,网之乐网球俱乐部,杨庄西果园甲156号机动车检测场园区内,13973101547,营业中 06:00-24:00,,0,2,,,
48,北京,通州,金徽北京网球中心,嘉创五路3号院,15910799775,营业中 07:00-23:00,,3,0,,,
49,北京,东城,X·D不被定义网球(77文创园店),77文929.1号楼4层天台,13520076777,周一至周日 08:00-22:00,,0,1,,,
50,北京,东城,北京体育馆,体育馆路甲2号,官方小程序预约:网动体育,,,1,0,,,
51,北京,东城,XD不被定义网球馆(龙潭湖体育馆),左安门内大街59号(龙潭湖体育馆内),13241777400,周一至周日 09:00-22:00,"寄存柜
更衣室
暖气",1,0,,,
52,北京,东城,龙潭中湖公园-网球场,龙潭路甲1号龙潭中湖公园(南侧,13241777400,营业中 09:00-22:00,,1,1,,,
53,北京,东城,天坛体育活动中心网球馆,天坛东路13号天坛体育中心,18801268701,营业中 08:00-22:00 ,,4,0,,,
54,北京,东城,国家体育总局新网球馆,天坛东路50号,1830207837,营业中 06:00-24:00 ,,0,4,,,
55,北京,西城,广安网球天地,登莱胡同26号(中国消防救援旁)>,83513492,周一至周日 07:00-22:00,,2,0,,,
56,北京,西城,康乐特·雨露润泽网球俱乐部,城南街道中关村科技园区昌平园白浮泉路18号,15313713993,营业中 06:00-24:00,,2,0,,,
57,北京,石景山,万商网球馆,银河大街1号>,18510408282,周一至周日 08:00-22:00,,4,0,,,
58,北京,石景山,万商网球馆,金顶山路33号翠源山庄北京铁路职工培训中心,15810153853,周一至周日 08:00-22:00,,1,0,,,
59,北京,石景山,网动网球(泰然体育中心校区),兴悦路与城通街交叉口西南60米,18511007656,周一至周日 08:00-22:00,,2,0,,,
60,北京,石景山,京西大本营网球馆,橘龄此渙急г叭謬钵次桥北路冬奥公园马拉松大本营>,官方小程序预约:京西大本营,周一至周日 08:00-22:00,,7,0,,,
61,北京,朝阳,优瑭网球馆,东窑村525号-金盏国际体育小镇-,18601909068,营业中 07:00-23:00,"寄存柜
暖气",6,0,,,
62,北京,朝阳,权景网球培训学院,顺白路28号一号地国际艺术区D区(近一号地园区南门),18801313197,周一至周日 08:00-23:00,,1,0,,,
63,北京,朝阳,保利朝林A8网球馆,崔各庄机场辅路122号保利朝林文创园A-8馆),15210200960,营业中 07:00-23:00 ,,1,0,,,
64,北京,朝阳,合拍网球培训(金盏店),机场辅路东营村123号,15001029667,营业中 07:00-23:00,有卫生间,5,0,,,
65,北京,朝阳,动之光网球场(浩华文创园店),观唐东路5号院浩华文创园,18513391826,周一至周日 06:00-22:00,,0,6,,,
66,北京,朝阳,动之光·宏昌竣网球馆,来广营东路88号(宏昌竣体育公园内),18513391826,周一至周日 06:00-次日24:00,,7,0,,,
67,北京,朝阳,No996红土网球场,将台地区崔各庄地区南影路9号中国电影博物馆西南角,13129881836,周一至周日 06:00-次日24:00,"有淋浴间
有休息区
有卫生间
空调开放",0,2,,,
68,北京,朝阳,"GogoSwing新生网球培训
匹克球(望京店)",来广营北路一号院内(天来运停车场),15611061928,营业中 06:00-22:00,,0,2,,,
69,北京,朝阳,中体一方网球培训,广渠东路2号,13810304274, 周一至周日 07:00-次日24:00,"有休息区
有卫生间
无烟环境
空调开放",4,6,,,
70,北京,朝阳,得乐网球培训(大鲁店),"海丰宝物流园 >
距马家湾湿地公园290m",13910283357,营业中 08:00-22:00,"有储物柜
有休息区
有卫生间
无烟环境",4,0,,,
71,北京,朝阳,匠心之轮国际网球中心,黑庄户地区郎辛庄村北万通路2号(扬州水乡青青家园会所富力又一城旁),jiangxinzhilun,周一至周日 08:00-22:00,,3,13,,,
72,北京,朝阳,RTG国际网球俱乐部(朝阳大悦城,"东五环住总塘悦影视小镇一号库)
距中国传媒大学步行1.5km",13141231229,周一至周日 09:00-22:00,"有储物柜
有卫生间
无烟环境
空调开放",2,0,,,
73,北京,朝阳,杰瑞网球俱乐部(甘露园店),八里庄街道朝阳北路112-15号(青年路地铁站B东北口步行340米)>,没接电话,营业中 07:00-21:00,"有休息区
有卫生间
无烟环境",0,1,,,
74,北京,朝阳,一名网球馆,"双桥路6号院>
距宇宙影视基地步行840m",没接电话,周一至周日 08:00-22:00,"有淋浴间
有卫生间
有储物柜
无烟环境
有休息区
空调开放",2,0,,,
75,北京,朝阳,RTG国际网球俱乐部(安家校区),"东坝地区醉公坟甲5号21栋二层
距地铁姚家园站C口步行970m",13141231229,营业中 07:00-22:00,"有休息区
有卫生间
无烟环境
空调开放",3,0,,,
76,北京,朝阳,得乐网球培训(东坝店),"朝运街红松园26号院>
距铁十六局东站公交站50m",13911529021,营业中 08:00-22:00,"有卫生间
无烟环境",0,2,,,
77,北京,朝阳,朝阳体育中心,"姚家园路77号>
距地铁姚家园站C口步行540m",朝阳体育中心,周一至周日10:00-22:00,,4,20,,,
78,北京,朝阳,浩生体育网球俱乐部(东风9号店),东风南路与朝阳站西路交汇处 >,18510053505,营业中 06:00-24:00,"有淋浴间
有卫生间
有储物柜
空调开放
有休息区",0,4,,,
79,北京,朝阳,"象果网球ECORN TENNIS PA

",观音堂社区夏日文化广场北侧 >,17611257677,营业中 06:00-23:00,"有淋浴间
有卫生间
有储物柜
无烟环境
有休息区
空调开放",0,14,,,
80,北京,朝阳,柠远体育网球Lifetime Sports Tennis(匠心之轮店),"郎辛庄路1号匠心之轮国际网球中心内>
距地铁7号线郎辛庄站B东北口步行670m",16619753602,周一至周日 08:00-22:00,,3,0,,,
81,北京,朝阳,艾锐斯体育小镇,"恒泰大厦东50米 >
距地铁6号线十里堡地铁站出口550m",得了小程序,"周一至周五 08:00-22:00
周六,周日 08:30-22:00",,0,13,,,
82,北京,朝阳,艾锐斯网球Ares tennis(国网校区,奥运村街道林萃路国家网球中心k区),得了小程序,营业中 08:00-23:00,,0,1,,,
83,北京,朝阳,燃动网球培训(朝阳大悦城,"晨光家园b区北43米>
距地铁十里堡站B东北口步行1.1km",19331632563,营业中 24小时营业,"有休息区
有卫生间
无烟环境",1,0,,,
84,北京,朝阳,海伦网球俱乐部,石佛营路1号院内晨光家园北侧,18618224280,营业时间 8:00-22:00,,0,4,,,
85,北京,朝阳,乐球网球场(百子湾店),广百东路百子湾公共汽车站西门旁(No Ping Park陆冲滑板公园)>,15711271503,周一至周日 07:00-23:00,"有淋浴间
有卫生间
有储物柜
空调开放
有休息区",1,5,,,
86,北京,朝阳,北京超感网球俱乐部,平房乡平房北街135号鼎新科技产业园内,18710285961,营业中 09:00-21:00,"有淋浴间
有卫生间
有储物柜
空调开放
有休息区",1,1,,,
87,北京,朝阳,Vita网球匹克球·酷爱(赛洛城店),南磨房地区沿海赛洛城321号楼北侧运动公园>,13341135683,营业中 07:00-22:00,"有淋浴间
有储物柜
有休息区",0,2,,,
88,北京,朝阳,动之光·大望路网球馆,百子湾路29号院西院2层,18310770105,营业中 08:00-24:00,,3,0,,,
89,北京,朝阳,得乐网球培训,石佛营路十里堡北里一号>,13051138521,营业中 08:00-22:00,"有休息区
无烟环境",0,13,,,
90,北京,朝阳,OPeN STAR网球俱乐部(星河湾店),四季星河南街星河湾酒店东侧 >,15313833680,营业中 08:00-22:00,,0,2,,,
91,北京,朝阳,齐动力网球(老山基地),老山西街5号>,010-57983688,营业中 08:00-20:00,,2,0,,,
92,北京,朝阳,启晨体育潞城全民健身中心网球馆,全民健身中心三层网球馆>,18614068548,营业中 08:00-22:00,"有淋浴间
有卫生间
有储物柜
无烟环境
有休息区
空调开放",0,1,,,
93,北京,朝阳,浩生网球俱乐部,驼房营路甲1号,15810553505,营业中 10:00-21:00,"有休息区
有卫生间
空调开放",4,0,,,
94,北京,朝阳,PadelOne板式网球匹克球,酒仙桥北路9号恒通国际创新园>,18610140996,周一至周日 07:00-22:00,,0,2,,,
95,北京,朝阳,银橄榄网球场,亮马桥路40号>,64664824,周一至周日 07:00-22:00,"寄存柜
更衣室",0,4,,,
96,北京,朝阳,K·TENNIS克拉网球玩家俱乐部,四元桥购物中心四楼(顶楼停车场),15110108801,营业中 07:00-23:00,"有淋浴间
有卫生间
有储物柜
无烟环境
有休息区
空调开放",4,0,,,
97,北京,朝阳,郑洁网球汇(国贸店),景恒街CBD文化体育广场内(国贸地铁站D西南口步行460米)>,17276422528,周一至周日 07:00-22:00,,0,2,,,
98,北京,朝阳,得乐网球培训(欢乐谷网球场店),周家庄村111号>,13911529021,营业中 08:00-22:00,"有休息区
有卫生间
无烟环境",0,1,,,
99,北京,朝阳,汐润网球俱乐部(,昌平路202号碧水庄园北区(,18500058520,周一至周日 06:00-23:00,,3,0,,,
100,北京,朝阳,得乐网球(锦绣园网球场),幸福村中路15号锦绣园公寓D座锦绣园游泳健身俱乐部3层>,13911529021,周一至周日 09:00-20:00,,0,1,,,
101,北京,朝阳,NEXTCHAMP网球俱乐部,幸福村中路15号锦绣园公寓D座锦绣园游泳健身俱乐部3层>,NEXTCHAMP小程序,周一至周日 07:00-23:00,"有淋浴间
有卫生间
无烟环境",1,0,,,
102,北京,朝阳,权景网球培训学院,顺白路28号一号地国际艺术区D区(近一号地园区南门),18801313197,周一至周日 08:00-23:00,"有淋浴间
有卫生间
有储物柜
无烟环境
有休息区
空调开放",6,0,,,
103,北京,朝阳,齐动力网球(分钟寺基地),小红门路312号龙爪树宾馆院内综合楼二楼,57983688,,,1,0,,,
104,北京,朝阳,柏林瀚网球馆(望京店),柏林瀚网球馆(望京店),13911599086,周一至周日 07:00-22:00,"寄存柜
更衣室
暖气",2,0,,,
105,北京,朝阳,朝阳公园网球中心,朝阳公园南路1号,65918383,春、夏、秋季:7:00-22:00;冬季:8:00-21:00,,0,11,,,
106,北京,朝阳,Hilit高光匹克球&网球,太阳宫体育休闲公园内,13552020415,周一至周日 06:00-22:00,,0,1,,,
107,北京,朝阳,国家网球中心培训,国家网球中心气膜馆A场 ,网球订场, 08:00-22:00,"有淋浴间
有卫生间
有储物柜
无烟环境
有休息区
空调开放",1,0,,,
108,北京,朝阳,新网网球培训(北京会议中心校区),来广营西路88号别墅区8栋,新网网球,周一至周日 06:00-23:00,,0,2,,,
109,北京,朝阳,OPeNSTAR网球俱乐部,南四环东路城外诚家居广场3层 >,15801360082,周一至周日 09:00-22:00,,2,0,,,
110,北京,朝阳,"温菲尔德网球学院(中关村校
X",中关村辽宁大厦院内足球场西侧>,温菲尔德,周一至周日 06:00-22:00,"有卫生间
无烟环境",0,1,,,
111,北京,朝阳,温菲尔德网球俱乐部,北京市海淀区阜石路踢球者田村山体育公园内,温菲尔德,周一至周日 06:00-22:00,,0,2,,,
112,北京,朝阳,国奥多打网球俱乐部,奥体中心网球馆,18510818266,营业中 08:00-22:00,"有淋浴间
有卫生间
有储物柜
无烟环境
有休息区
空调开放",2,0,,,
113,北京,朝阳,郑洁网球汇(分钟寺店),龙爪树路312号龙爪树宾馆综合楼二楼>,郑洁网球,营业中 07:00-22:00,,1,0,,,
114,北京,朝阳,北京温榆河公园-网球中心,温榆河公园(东南角),82754334,营业中一周到周五 08:00-17:00,,0,19,,,
115,北京,朝阳,齐动力网球(老山基地)铜,老山西街5号>,57983688,营业中一周到周五 08:00-20:00,"更衣室
暖气",1,0,,,
116,北京,朝阳,网动网球培训(亚运村校区),外国专家大厦 >,网动体育,营业中 08:00-22:00,,0,2,,,
117,北京,朝阳,拓能壹加网球基地,西坝河南路3号浩鸿园小区内(南门进入),18270863563,营业中 06:00-22:00,,0,1,,,
118,北京,朝阳,国家网球中心,,67211557、67211558北京网球管理中心,值得深入研究,,1,0,,,
119,北京,朝阳,中体一方网球培训,姚家园路77号,中体一方,营业中 07:00-次日02:00,"有淋浴间
卫生间
无烟环境",0,4,,,
120,北京,朝阳,网动天地东坝训练基地,网动天地东坝训练基地,网动天地,周一至周日 24小时营业,,0,1,,,
121,北京,朝阳,奥体网球场,北京市 朝阳区 北四环中路出口与北四环中路交叉口东南180米,国家奥体中心,值得深入研究,,1,0,,,
122,北京,朝阳,动之光番茄甜网球场,建国路10号(巴学园幼儿园内),动之光,营业中 06:00-22:00 ,,0,1,,,
123,北京,朝阳,XD不被定义体育公园,六里屯路红领巾公园西园运动场>,19520376778,周一至周日 06:00-22:00,,0,4,,,
124,北京,朝阳,启晨体育网球(奥森店),北辰西路国奥村东区东侧约90米,13011010023,周一至周日 10:00-22:00,,0,2,,,
125,北京,朝阳,网动天地网球俱乐部,新勇路与顾家庄北大街交叉口西南50米,18001335269,周一至周日 08:00-22:00,"有淋浴间
有卫生间
有储物柜
空调开放
有休息区",3,0,,,
126,北京,朝阳,烁动网球(六里桥丽泽自建校区),西三环六里桥地铁站E口东20米,13716769987,周一至周日 09:00-22:00,,2,0,,,
127,北京,朝阳,烁动网球(六里桥丽泽自建校区),看丹街道樊羊路51号慧谷国际中心3号楼B1层128号,15611755869,周一至周日 09:00-22:00,,2,0,,,
128,北京,海淀区,芳草荟网球(长春桥店),厂洼西街18号,13141122614,7:00-23:00,"淋浴
休息区
免费停车",0,1,,,
129,北京,海淀区,灵动网球（世纪金源店）,板井路69号北京世纪金源大饭店,13810886792,08:00-22:00,"休息区
饮品售卖",2,0,,,
130,北京,海淀区,海淀公园网球场,海淀公园足球网球运动场,小程序预约（海淀公园体育中心）,7:00-16:00,"公共卫生间
休息长椅",0,10,,,
131,北京,海淀区,网动体育 车道沟校区,网动网球公园,小程序预约（网动体育）,8:00-21:30,"免费停车
休息区",0,9,,,
132,北京,海淀区,艾锐斯网球（知春路）,大成仓艾锐斯体育公园,小程序预约（艾锐斯网球）,9:00-22:00,"淋浴
储物柜
饮品区",4,0,,,
133,北京,海淀区,北京科技大学求实气膜网球馆,学院路30号科技大学求实气膜网球馆,小程序预约（求实网球馆）,9:00-22:00,"淋浴
休息区
免费停车",8,2,,,
134,北京,海淀区,烁动网球（五棵松定慧自建店）,定慧产业园区内摄影器材城东侧,小程序预约（烁动网球）17820777721,9:00-22:00,"休息区
免费停车",0,2,,,
135,北京,海淀区,魅力飞扬网球俱乐部（中海雅园店）,海淀区板井路69号中海雅园小区内,13520668877,8:30-21:30,"休息区
饮品售卖",1,2,,,
136,北京,海淀区,埃德网球俱乐部（东升汇校区）,海淀区东升镇东升汇体育公园内,13693367789,9:00-22:00,"淋浴
储物柜
免费停车",3,5,,,
137,北京,海淀区,得乐网球（永定路店）,海淀区永定路88号院,13811889900,8:00-21:00,"休息长椅
公共卫生间",0,4,,,
138,北京,海淀区,泰内斯网球俱乐部（五棵松校区）,复兴路69号hipark多功能厅二楼网球场,17800296123,9:00-22:00,"淋浴
休息区
饮品售卖",0,2,,,
139,北京,海淀区,YYDS网球俱乐部,海淀区上地十街10号,13718886622,8:30-21:30,"免费停车
休息区",1,2,,,
140,北京,海淀区,绿豆网球俱乐部（泰山店）,海淀区泰山路8号,13488887766,9:00-22:00,"储物柜
饮品售卖",0,3,,,
141,北京,海淀区,至清网球运动中心,青龙桥街道魔动空间气膜馆,13269998855,6:00-23:00,"公共卫生间
休息区",0,4,,,
142,北京,海淀区,温菲尔德网球俱乐部（田村山馆）,海淀区田村山体育中心内,13120009933,8:00-22:00,"淋浴
免费停车
休息区",3,6,,,
143,北京,海淀区,网动网球（世纪金源校区）,海淀区板井路世纪金源购物中心北侧,小程序预约（网动体育）,8:00-22:00,"休息区
饮品售卖",1,3,,,
144,北京,海淀区,网动网球（鲁迅文化中心校区）,海淀区花园路鲁迅文化中心内,小程序预约（网动体育）,8:00-22:00,"休息长椅
储物柜",0,4,,,
145,北京,海淀区,木叶网球俱乐部,宝盛东路甲3号,13691357207,8:00-22:00,"免费停车
饮品区",0,6,,,
146,北京,海淀区,迪佳网球俱乐部,万柳中路6号院1号楼,62681313,8:00-22:00,"淋浴
储物柜
免费停车",4,0,,,
147,北京,海淀区,北京曙光时尚网球俱乐部,板井路正福寺19号,13911118877,7:30-21:30,"休息区
饮品售卖",0,5,,,
148,北京,海淀区,温菲尔德网球俱乐部（中关村馆）,海淀区中关村辽宁大厦内足球场西侧,13161119933,8:00-22:00,"淋浴
免费停车
储物柜",0,3,,,
149,上海,崇明区,上海崇明前卫红土网球中心,竖新镇前卫村前卫生态村内,,,,6,1,0,7,0
150,上海,崇明区,唛恩·林旅崇明怡沁园网球场,崇明北沿公路2089号怡沁园度假酒店,,,,0,2,2,0,0
151,上海,崇明区,东平镇前进文化中心,东平镇东冉路886号,,,,0,1,1,0,0
152,上海,崇明区,崇明区人民体育场,北门路88号,,,,0,1,1,0,0
153,上海,崇明区,堡镇社区市民健身中心,堡镇南路269号,,,,0,1,1,0,0
154,上海,金山区,鑫港湾公共运动场,月工路888号,,,,0,1,1,0,0
155,上海,金山区,金山体育中心,杭州湾大道4100号,,,,0,1,1,0,0
156,上海,金山区,起道体育·青笠网球俱乐部(学府路店),学府路1283弄88号,,,,0,1,1,0,0
157,上海,金山区,起道体育·青笠网球俱乐部(卫清东路店),卫清东路2228号第二栋,,,,1,0,1,0,0
158,上海,金山区,思迈网球俱乐部,山鑫阳光城5号门旁,,,,1,0,1,0,0
159,上海,金山区,新城路市民运动场,石化街道新城路98号,,,,0,1,1,0,0
160,上海,金山区,金山区社会体育管理中心,合浦路147号,,,,0,2,2,0,0
161,上海,金山区,金山体育馆(朱泾镇市民健身中心),朱泾镇健康南路333号,,,,0,1,1,0,0
162,上海,奉贤区,超越·阳光草地网球中心,江海村南庄路,,,,0,18,0,0,18
163,上海,奉贤区,超越体育网球俱乐部・奉贤体育中心,南桥镇古华路100号,,,,5,0,2,0,3
164,上海,奉贤区,甜区网球·奉贤店,南桥镇南桥路839号22-1幢,,,,3,0,2,0,1
165,上海,奉贤区,司赢网球俱乐部(天翼球馆),南桥路868号E栋二楼,,,,2,0,0,0,2
166,上海,奉贤区,司赢网球俱乐部(天空球场),南桥路868号A栋三楼,,,,2,2,2,0,2
167,上海,奉贤区,乐动力·临港足球综合运动中心,承贤路与书桂路交叉口西100米,,,,1,0,0,0,1
168,上海,浦东新区,临港黄日网球中心,紫荆花路88号附近,,,,2,0,0,0,2
169,上海,浦东新区,乐动力·临港黄日网球中心(辉华),紫荆花路与橄榄路交叉口西北220米,,,,0,2,0,0,2
170,上海,浦东新区,乐动力·临港绿丽网羽中心,南汇新城镇环湖西二路960号,,,,2,0,2,0,0
171,上海,浦东新区,乐动力·滴水湖网球热力场,环湖东一路800号,,,,0,4,4,0,0
172,上海,浦东新区,书院镇市民健身中心,丽正路1255号,,,,0,1,1,0,0
173,上海,浦东新区,Jovi Tennis Arena 佳维,惠南镇川南奉公路6101号弘基广场,,,,0,1,1,0,0
174,上海,浦东新区,光圈网球(航头店)·航头体育中心,鹤韵路425号,,,,2,0,2,0,0
175,上海,浦东新区,达晨荣体育中心·宏亦远网球俱乐部,航头镇沪南公路5292号,,,,1,0,1,0,0
176,上海,闵行区,PDT紫色动力国际(火星一号馆),龙吴路5891号火星一号商业广场,,,,1,1,2,0,0
177,上海,闵行区,明越网球俱乐部(永德路店),莲花南路3999弄满天星生活广场,,,,0,1,1,0,0
178,上海,闵行区,乐达恒温球馆-网球(灯辉路),灯辉路1128号,,,,1,0,1,0,0
179,上海,闵行区,凯洛思网球俱乐部,剑川路999号大零号湾科创运动汇,,,,0,1,1,0,0
180,上海,闵行区,明越网球俱乐部(沪闵店),沪闵路1201号,,,,1,0,1,0,0
181,上海,闵行区,凯洛思网球·马桥万达店,富岩路121号1楼马桥万达网球场,,,,0,1,1,0,0
182,上海,闵行区,严明网球·马桥校区,文井路495号A楼楼顶,,,,0,2,2,0,0
183,上海,闵行区,泾彩江川网球俱乐部,鹤庆路788号,,,,0,2,2,0,0
184,上海,闵行区,焱网江川体育活动中心,鹤庆路788号,,,,0,2,2,0,0
185,上海,闵行区,汇友令网球中心,江川路780号8幢101,,,,2,0,2,0,0
186,上海,闵行区,严明网球·碧江校区,碧江南路559号,,,,0,1,1,0,0
187,上海,浦东新区,JOY TENNIS・久逸网球俱乐部,川大路311号,,,,3,0,3,0,0
188,上海,浦东新区,Joy Tennis久逸网球俱乐部(远洋路店),远洋路8号,,,,3,0,3,0,0
189,上海,浦东新区,上海Moore网球,浦东鹿吉路300号,,,,0,2,2,0,0
190,上海,浦东新区,友来网球俱乐部(生态园店),康新公路与汤巷中心村交叉口西北,,,,0,2,2,0,0
191,上海,浦东新区,聚勒勒网球,川周公路3138号康鲤科创园4幢,,,,4,0,4,0,0
192,上海,浦东新区,上海国际医学园区网球中心,广丹路222弄,,,,3,0,3,0,0
193,上海,浦东新区,51磅网球俱乐部,康梧路189号,,,,0,3,3,0,0
194,上海,浦东新区,新星客网球馆,康梧路519号,,,,2,0,2,0,0
195,上海,浦东新区,球上劲网球运动中心(新田360广场店),秀浦路668号新田360广场一楼,,,,0,1,1,0,0
196,上海,浦东新区,友来网球俱乐部(领丰汇店),上南路6717号外广场,,,,2,0,2,0,0
197,上海,浦东新区,球上劲网球俱乐部(周浦小上海店),周浦梓营路72号停车场,,,,2,0,2,0,0
198,上海,浦东新区,友来网球俱乐部(云空馆),立跃路519号,,,,5,0,5,0,0
199,上海,浦东新区,INtennis赢满贯,立跃路519号25号楼2楼,,,,4,0,4,0,0
200,上海,浦东新区,星焰网球俱乐部,周浦繁荣路388号园区,,,,0,3,3,0,0
201,上海,浦东新区,昱航网球俱乐部(周浦店),周浦镇沈横路1号,,,,2,0,2,0,0
202,上海,浦东新区,友悦网球,年家浜路238号绿地缤纷广场4楼,,,,0,1,1,0,0
203,上海,浦东新区,周浦体育中心,小沥港路365号,,,,12,0,12,0,0
204,上海,浦东新区,健飞体育网球馆,周东南路593号海棠广场3层318室,,,,1,0,1,0,0
205,上海,浦东新区,翱翔者网球俱乐部(周浦店),周浦镇周东南路573号,,,,0,1,1,0,0
206,上海,浦东新区,懿德网羽中心·浦东三林店,懿行路981号,,,,2,0,2,0,0
207,上海,闵行区,名网网球俱乐部,三鲁公路5589弄49号,,,,1,0,1,0,0
208,上海,闵行区,迈兹MASS-万科VMO花园广场网球馆,浦锦路2049弄,,,,2,0,2,0,0
209,上海,闵行区,浦康休闲公园(浦江镇公共运动场),浦康路399弄38号,,,,0,2,2,0,0
210,上海,闵行区,壹古森活网球场,申旺路18号8幢3楼,,,,0,1,1,0,0
211,上海,闵行区,壹佰网球 CT CLUB,莘庄工业区申旺路18号8幢三楼,,,,0,6,6,0,0
212,上海,闵行区,鹏佰网球文化公园,春东路689号8号楼屋面,,,,5,5,10,0,0
213,上海,闵行区,绮梦网球俱乐部,梅州路505号一层A室,,,,3,0,3,0,0
214,上海,闵行区,QS网球馆,沪闵路3988号,,,,2,0,2,0,0
215,上海,闵行区,怡烽网球馆,申南路203号,,,,4,0,4,0,0
216,上海,闵行区,越趣网球俱乐部2,沪闵路3888号10号楼三楼,,,,0,1,1,0,0
217,上海,闵行区,越趣网球俱乐部,颛兴东路万达广场7号门对面,,,,3,0,3,0,0
218,上海,闵行区,严明网球·万达校区,颛兴东路1557号,,,,0,1,1,0,0
219,上海,闵行区,悦野网球场,光华路728号,,,,0,1,1,0,0
220,上海,闵行区,创竞界网球,紫燕路路西创·竞界网球,,,,6,0,6,0,0
221,上海,闵行区,壹佰网球 CT CLUB (室内店),紫燕路888号2号楼,,,,2,0,2,0,0
222,上海,闵行区,奇点网球(颛桥店),瓶北路与鑫都路交叉口南140米,,,,0,2,2,0,0
223,上海,闵行区,狼网网球中心,沪闵路3458弄66号,,,,6,0,6,0,0
224,上海,闵行区,怡烽体育·天籁园网球场,都市路与向阳路路口,,,,0,2,2,0,0
225,上海,闵行区,点赞网球馆,都市路777弄253号威尔士健身房旁边,,,,2,0,2,0,0
226,上海,闵行区,旗忠网球中心·室外场,马桥镇元江路5500号,,,,0,18,18,0,0
227,上海,闵行区,旗忠网球中心·中央球场,马桥镇元江路5500号,,,,1,0,1,0,0
228,上海,闵行区,旗忠网球中心·室内网球馆,马桥镇元江路5500号第1幢,,,,6,0,6,0,0
229,上海,松江区,源霖网球公园,松汇东路327号云间粮仓,,,,1,2,3,0,0
230,上海,松江区,熵网网球俱乐部(永丰路店),永丰路35号,,,,1,0,1,0,0
231,上海,松江区,明越网球俱乐部(松江球场)·吾悦广场,玉树路2559号吾悦生活广场4楼,,,,3,0,3,0,0
232,上海,松江区,颂秦体育·星空体育公园,玉树路2575号吾悦飞航广场4楼,,,,2,0,2,0,0
233,上海,浦东新区,青策Apex网球,民风路518号烨博新质产业园11幢,,,,1,0,1,0,0
234,上海,浦东新区,翱翔者网球俱乐部(金海路店),金海路2588号,,,,0,2,2,0,0
235,上海,浦东新区,财金网球俱乐部,德安路359号,,,,2,0,2,0,0
236,上海,浦东新区,迈兹MASS-数聚财神网球馆,景雅路58号,,,,1,0,1,0,0
237,上海,浦东新区,星锐网球俱乐部(唐镇室内馆),达秀路151号,,,,3,0,3,0,0
238,上海,浦东新区,HO Tennis后子琪网球学院×星,达秀路151号进园区左拐,,,,4,0,4,0,0
239,上海,浦东新区,涛飞网球场,上丰路955号C座9楼,,,,0,1,1,0,0
240,上海,浦东新区,圆梦室内网球馆,上丰路538号,,,,4,0,4,0,0
241,上海,浦东新区,至臻网球(唐镇店),金丰路277号,,,,3,0,3,0,0
242,上海,浦东新区,上海雍洲网球学院,金丰路515号,,,,4,4,8,0,0
243,上海,浦东新区,Our Tennis·唐镇印象球场,德淳路288号印象汇五楼,,,,0,1,1,0,0
244,上海,浦东新区,TOP云端网球俱乐部(唐镇店),德淳路288号,,,,0,1,1,0,0
245,上海,浦东新区,【新店开业8折】至臻网球·上海超级会员店,高科东路1688号,,,,6,0,0,6,0
246,上海,浦东新区,至臻网球·川沙店,建业路416号3幢,,,,3,0,3,0,0
247,上海,浦东新区,宏语网球中心,川沙镇妙境北路116弄205号,,,,3,0,3,0,0
248,上海,浦东新区,HR网羽中心网球场,川沙新镇川环北路280号,,,,0,1,1,0,0
249,上海,浦东新区,星锐网球俱乐部(川沙店)・川南体育公园,川沙新镇城南村八队汪家宅888号,,,,0,2,2,0,0
250,上海,浦东新区,JOY TENNIS・久逸网球俱乐部,川大路311号,,,,3,0,3,0,0
251,上海,浦东新区,Joy Tennis久逸网球俱乐部(远洋路店),远洋路8号,,,,3,0,3,0,0
252,上海,浦东新区,向东村社区运动场,合庆镇向东村村委内,,,,0,1,1,0,0
253,上海,宝山区,罗泾公园市民球场,罗泾镇潘沪路与罗宁路交叉口,,,,0,1,1,0,0
254,上海,嘉定区,北水湾体育公园,树屏路1585号,,,,0,2,2,0,0
255,上海,宝山区,四方体育中心,罗店镇石太路2893号,,,,0,4,4,0,0
256,上海,宝山区,新罗店网球俱乐部·罗店社区文化活动中心,塘西街366-370号2楼,,,,1,0,1,0,0
257,上海,宝山区,月浦公园市民球场,罗店镇市一路130号罗溪公园,,,,0,1,1,0,0
258,上海,嘉定区,嘉定网球中心,新成路118号,,,,3,3,6,0,0
259,上海,宝山区,甜区网球·乐威运动中心·宝钢体育中心,漠河路203号宝钢体育中心,,,,0,5,5,0,0
260,上海,宝山区,宝山体育中心,永清路700号永乐路4号门,,,,4,0,4,0,0
261,上海,宝山区,真谛网球馆,牡丹江路1081号夏园恒茂广场南楼5楼,,,,2,0,2,0,0
262,上海,宝山区,无界线网球俱乐部,宝杨路2029号5-2,,,,2,0,2,0,0
263,上海,宝山区,乐动力·杨行体育中心,盘古路2121号,,,,1,0,1,0,0
264,上海,宝山区,HGA网球俱乐部(招商花园城店),水产路2199弄哇咔体育公园网球场,,,,0,4,4,0,0
265,上海,宝山区,保集智谷,富联二路55弄,,,,0,1,1,0,0
266,上海,宝山区,积健网球,富联一路19号7号楼,,,,3,0,3,0,0
267,上海,宝山区,翼藤生态网球场,杨行镇温川公路1188弄58号-5,,,,3,2,5,0,0
268,上海,宝山区,Harvest网球俱乐部,沪联路768号D栋,,,,2,0,2,0,0
269,上海,宝山区,下一拍网球,顾村镇沪联路768号D栋101,,,,2,0,2,0,0
270,上海,松江区,平击网球俱乐部(茂盛路店),洞泾镇茂盛路116号,,,,2,0,2,0,0
271,上海,松江区,瀚浦网球馆,鼎源路与鼎盛路交叉口北100米,,,,2,0,2,0,0
272,上海,松江区,恒网网球俱乐部,凯悦酒店外五楼(松江区广富林路599...,,,,0,3,0,0,3
273,上海,松江区,松江区工人文化宫,梅家浜路356号,,,,0,1,1,0,0
274,上海,松江区,干练网球俱乐部,茸兴路488号茸创园3幢1层103室,,,,4,0,4,0,0
275,上海,松江区,国王·山河体育场,光星路755号,,,,0,1,1,0,0
276,上海,松江区,UPUP网球馆(刷脂网球俱乐部),茸阳路98号日播园区内,,,,1,1,2,0,0
277,上海,松江区,熵网网球俱乐部(茸阳路店),茸阳路69号,,,,6,0,6,0,0
278,上海,松江区,大脚怪网球俱乐部,松江新城茸兴路389号,,,,4,0,4,0,0
279,上海,松江区,平击·玩客行网球场,文翔路388号玩客行体育中心,,,,0,1,1,0,0
280,上海,松江区,上海悦动网球俱乐部,文翔路388号耳鹿创意园区,,,,0,1,1,0,0
281,上海,松江区,月浦农家乐市民球场,沪松公路6351号,,,,0,1,1,0,0
282,上海,松江区,菊远网球俱乐部(松江万达店),茸平路48号,,,,0,2,2,0,0
283,上海,松江区,橙风网球俱乐部,中山街道五昆路288号鑫华韵科创园,,,,3,0,0,3,0
284,上海,嘉定区,聚网网球JOJOTENNIS,南翔镇嘉美路1358号1号楼1层,,,,2,0,2,0,0
285,上海,嘉定区,收获者网球俱乐部,嘉好路263号6号楼2层,,,,3,0,3,0,0
286,上海,嘉定区,奇点网球俱乐部(博翔店),嘉绣东路与博翔路交叉口北20米,,,,0,1,1,0,0
287,上海,嘉定区,南翔镇博翔市民球场,南翔镇嘉绣东路与博翔路交叉口,,,,0,1,1,0,0
288,上海,嘉定区,虹翔网球中心,陈翔公路88号,,,,4,0,4,0,0
289,上海,嘉定区,境界网球中心,浏翔公路1000号4号馆,,,,2,0,2,0,0
290,上海,嘉定区,SOLO 网球俱乐部,南翔镇浏翔公路1000号靠近9号楼,,,,2,0,2,0,0
291,上海,嘉定区,OASES TENNIS南翔网球场,MEGA印象城6楼室外网球场,,,,0,1,1,0,0
292,上海,嘉定区,光圈网球·HALOTENNIS (翔立方),南翔镇沪宜公路1082号B栋,,,,0,1,1,0,0
293,上海,嘉定区,至臻网球(南翔店单打场),南翔镇民主街385号电气都市工业园1号楼,,,,4,0,4,0,0
294,上海,嘉定区,弘金地网球场(格林世界店),南翔镇芳林路333弄18号,,,,3,3,6,0,0
295,上海,普陀区,唛恩网球中心(东馆),柳华路118号,,,,8,0,8,0,0
296,上海,宝山区,唛恩网球中心,真陈路719号国金体育中心,,,,20,0,20,0,0
297,上海,宝山区,网球纪网球公园(南大店),业绩路21号,,,,2,0,2,0,0
298,上海,普陀区,橙跃网球普陀二店,众仁路165号,,,,2,2,4,0,0
299,上海,普陀区,光圈网球·HALOTENNIS(普陀),金通路158号,,,,2,0,2,0,0
300,上海,普陀区,橙跃网球,武威路和百丽路交叉口露天停车场内,,,,0,4,4,0,0
301,上海,嘉定区,宸奕网球,金园五路208号5幢102室,,,,1,0,1,0,0
302,上海,嘉定区,网湃网球(嘉园店),江桥镇金园三路326号,,,,0,1,1,0,0
303,上海,嘉定区,光圈网球学院,日永路4号,,,,4,0,4,0,0
304,上海,嘉定区,因乐驰网球俱乐部,江桥万达东广场,,,,0,2,2,0,0
305,上海,嘉定区,宜云网球中心,爱特路379-1号,,,,2,0,2,0,0
306,上海,青浦区,Ace x Prime sport,华徐公路966号,,,,3,0,3,0,0
307,上海,青浦区,风网西虹桥网球中心,华徐公路888号中国梦谷东北门,,,,2,1,3,0,0
308,上海,闵行区,上海西庭网球俱乐部,华漕镇金丰路555弄,,,,13,0,13,0,0
309,上海,闵行区,网悦网球,华漕镇北翟路5101号17栋203室,,,,4,0,4,0,0
310,上海,闵行区,沪动吧网球俱乐部(申长路店),申长路869号龙湖虹桥天街A馆六楼,,,,0,1,0,0,1
311,上海,闵行区,Our Tennis网球俱乐部,申长路869号龙湖虹桥天街A座6楼,,,,0,1,0,0,1
312,上海,闵行区,壹颗网球俱乐部,七宝镇吴宝路899弄8号金球驾校内,,,,0,3,0,0,3
313,上海,闵行区,焱网新明星花园网球场,航北路180弄,,,,0,1,0,0,1
314,上海,闵行区,体汇+红馆,吴中路2088弄1号主楼,,,,0,1,0,0,1
315,上海,闵行区,快网·闵行七宝球场,七莘路3155号联华超市顶楼,,,,0,2,0,0,3
316,上海,松江区,申亭网球俱乐部(沪松公路店),沪松公路1108弄,,,,2,0,0,0,1
317,上海,松江区,景驿网球(奥林匹克花园店),九亭沪松公路1118号,,,,0,2,0,0,1
318,上海,松江区,申亭网球俱乐部(九亭蒲汇路店),九亭镇蒲汇路189号,,,,4,0,0,0,1
319,上海,闵行区,MJ Tennis 闵行莘庄七宝店,中谊路859号,,,,1,2,0,0,2
320,上海,闵行区,焱网七莘路网球场,七莘路1885号,,,,0,1,0,0,1
321,上海,闵行区,闵行区体育公园,新镇路456号,,,,0,2,0,0,2
322,上海,松江区,橙亿网球,九亭中心路999弄98号,,,,4,0,0,0,3
323,上海,松江区,李宁·王朋仁羽毛球篮球网球馆,南洋路1号南洋启赋城6号楼,,,,1,0,0,0,1
324,上海,闵行区,工匠体育(水清路儿童室内馆),水清路1028弄万吉花园会所一楼,,,,1,0,0,0,3
325,上海,闵行区,莘庄山花路市民健身中心,山花路516号(莘光小学对面),,,,1,0,0,0,1
326,上海,宝山区,动茵体育·封村体育健身中心,塘祁路1588号,,,,2,0,0,0,3
327,上海,宝山区,网球纪网球公园,祁连山路3588弄118号,,,,0,6,0,0,2
328,上海,宝山区,老安村市民球场,陆翔路祁连公园内(东侧),,,,0,1,0,0,1
329,上海,普陀区,唛恩·祁挥网羽中心,祁安路300号,,,,5,6,11,0,0
330,上海,宝山区,1876顶峰网球场,1876园区山顶,,,,0,2,2,0,0
331,上海,宝山区,联西村民体育场,兆南路130号联西村民体育场,,,,0,1,1,0,0
332,上海,宝山区,HGA网球俱乐部(宝山大华店),真大路450弄A栋楼顶,,,,0,3,0,0,3
333,上海,浦东新区,翱翔者网球俱乐部(森兰店),坤逸路与高西路交叉口,,,,0,3,3,0,0
334,上海,浦东新区,疯狂网球俱乐部(森兰店硬地场),张杨北路2700号森兰无界体育公园,,,,2,2,4,0,0
335,上海,浦东新区,麦斯特网球中心(森兰体育公园店),高行镇张杨北路2700号森兰体育公园,,,,0,1,1,0,0
336,上海,浦东新区,疯狂网球俱乐部(森兰无界体育公园店-红土场),张杨北路2700号森兰无界体育公园,,,,0,4,0,4,0
337,上海,浦东新区,翱翔者&基石网球俱乐部(森兰邻里公园店),德爱路787号森兰邻里公园网球场,,,,2,2,4,0,0
338,上海,杨浦区,超岛体育,共青路430号内,,,,1,0,1,0,0
339,上海,浦东新区,光圈网球·HALOTENNIS (浦东北路室外场),浦东北路1298号,,,,0,2,2,0,0
340,上海,浦东新区,WillRising网球俱乐部,浦东北路985号,,,,2,0,2,0,0
341,上海,杨浦区,极禾网球俱乐部,共青路82弄10号(临近江边),,,,0,1,0,0,1
342,上海,浦东新区,橙子网球(博兴路店)·沪东体育科技园,博兴路85号,,,,2,0,2,0,0
343,上海,浦东新区,拍晟网球俱乐部(开兴健身园店),双桥路318号开兴健身园内,,,,2,2,4,0,0
344,上海,浦东新区,SEEDSTAR种子新星网球(融创店),归昌路126号融创精彩天地A座广场,,,,1,0,1,0,0
345,上海,浦东新区,爱星网羽俱乐部,金桥镇巨峰路868号巨丰文化广场,,,,0,1,1,0,0
346,上海,浦东新区,康景网球俱乐部,金桥镇杨高北路4705弄58号,,,,3,0,3,0,0
347,上海,杨浦区,至臻网球(黄兴体育公园店),双阳北路363号黄兴体育公园网球场,,,,3,0,3,0,0
348,上海,杨浦区,甜区网球·乐动力杨浦体育中心室内网球馆,隆昌路640号3楼,,,,3,0,3,0,0
349,上海,杨浦区,长阳创谷体育中心,黄兴路168号,,,,1,0,1,0,0
350,上海,杨浦区,至臻网球(长阳店),内江路191号洛克公园二楼,,,,2,0,2,0,0
351,上海,杨浦区,乐动力·杨浦滨江运动公园,平定路最南面靠近江边,,,,0,2,2,0,0
352,上海,浦东新区,至臻网球(金杨店),云山路688号乐居里3号楼,,,,3,0,3,0,0
353,上海,浦东新区,快网网球俱乐部(浦东金杨店),博山东路358号幕天里三楼网球场,,,,0,2,2,0,0
354,上海,浦东新区,碧云荣广网球场,黄杨路25号,,,,2,0,0,2,0
355,上海,浦东新区,Vita网球俱乐部,黄杨路65弄,,,,0,1,1,0,0
356,上海,浦东新区,酷玩网球俱乐部(金桥店-红星美凯龙8楼),金藏路158号红星美凯龙8楼网球场,,,,0,2,2,0,0
357,上海,浦东新区,酷玩网球俱乐部(金桥店-1楼室外),金藏路158号1楼(靠近三号门),,,,0,2,2,0,0
358,上海,浦东新区,绿茵网球中心,金港路211号,,,,0,2,2,0,0
359,上海,浦东新区,决胜点网球(金港路店),金港路558号,,,,1,2,3,0,0
360,上海,浦东新区,碧云网球中心,碧云社区川桥路180号,,,,0,9,9,0,0
361,上海,浦东新区,节拍新星网球馆(火星谷店),桂桥路115号3号楼(火星谷)货梯2楼,,,,1,0,1,0,0
362,上海,浦东新区,智悦网球,金葵路560弄,,,,0,1,1,0,0
363,上海,浦东新区,上海东郊宾馆,金科路1800号东郊宾馆悦宾楼,,,,5,5,10,0,0
364,上海,浦东新区,迈兹MASS-德国中心网球馆(科苑路店),科苑路88号,,,,0,2,2,0,0
365,上海,浦东新区,快网网球俱乐部(浦东夏宫店)·城市经典夏宫,"香楠路488弄,近广兰路",,,,0,1,1,0,0
366,上海,浦东新区,张江君庭集电港网球场,"张江丹桂路张东路,集电港一期",,,,0,2,2,0,0
367,上海,浦东新区,拍晟网球俱乐部(旋风店),张江高科技园区亮景路265号,,,,2,0,2,0,0
368,上海,浦东新区,熊猫网球(张江店)·烈火体育中心,张东路2600号,,,,0,2,2,0,0
369,上海,浦东新区,熊猫网球·玫瑰湾,张江玫瑰湾会所2楼,,,,0,2,2,0,0
370,上海,浦东新区,Pt Tennis,北蔡镇罗山路5115号,,,,3,0,3,0,0
371,上海,浦东新区,康东星耀网球,康桥东路500号,,,,10,0,0,10,0
372,上海,浦东新区,劲友网球俱乐部,张江河北路555号,,,,1,1,2,0,0
373,上海,浦东新区,SEEDSTAR种子新星网球(桂林路店),德必芳华陆家嘴互联网创新基地东南门旁,,,,1,0,1,0,0
374,上海,浦东新区,至臻网球(芳华店),芳草路63号,,,,3,0,3,0,0
375,上海,浦东新区,左佑网球浦东世外桃源店,北蔡镇莲溪路109号,,,,0,2,2,0,0
376,上海,浦东新区,瑞宝综合体育馆,新陈路815号,,,,2,0,2,0,0
377,上海,浦东新区,HGA网球俱乐部(中环御桥复地活力城店),沪南路2229号复地活力城6楼,,,,0,1,0,0,1
378,上海,浦东新区,菊远网球俱乐部(御桥店),沪南路2655号开格科技园区,,,,1,0,1,0,0
379,上海,浦东新区,聚顶体育·宏慧音悦湾,严家桥1号宏慧音悦湾6号楼6楼,,,,0,2,2,0,0
380,上海,浦东新区,快网网球俱乐部(浦东大华店),成山路1139号锦绣中心5楼,,,,0,2,2,0,0
381,上海,浦东新区,球上劲网球运动中心(成山路巴黎春天店),成山路1993号巴黎春天商场西门口,,,,0,1,1,0,0
382,上海,浦东新区,HGA网球俱乐部(浦三路室内店),浦三路1515号,,,,2,0,2,0,0
383,上海,浦东新区,北蔡镇社区文化活动中心,陈春路101号,,,,0,1,1,0,0
384,上海,浦东新区,行者网球俱乐部·上海中天科技商务园,康桥路787号中天科技园1号楼旁,,,,2,0,2,0,0
385,上海,浦东新区,至臻网球(康桥店),康桥路628号4栋,,,,3,0,3,0,0
386,上海,普陀区,HGA网球俱乐部(118广场店),金沙江路1685号农工商楼上4楼,,,,0,3,0,0,3
387,上海,普陀区,快网网球俱乐部(普陀中环店),云岭西路与真北路交叉口高架下(洛克公园...,,,,2,0,2,0,0
388,上海,长宁区,至臻网球(天山店),北翟路72号至臻网球室外粉色球场,,,,0,4,4,0,0
389,上海,长宁区,快网网球俱乐部(淞虹路店),金钟路631号3号楼7楼天台,,,,0,1,0,0,1
390,上海,长宁区,快网网球俱乐部(临空店),金钟路631弄3号7楼,,,,0,1,0,0,1
391,上海,长宁区,节奏网球俱乐部(晨讯科技大楼店),金钟路633号晨讯科技大楼A楼8楼,,,,0,1,1,0,0
392,上海,长宁区,虹康绿地休闲广场,新泾镇泉口路111号近剑河路(适存小学对面),,,,0,1,1,0,0
393,上海,长宁区,纽绍克健身网球场,中泾路27号,,,,0,1,1,0,0
394,上海,长宁区,极星网球俱乐部(龙柏饭店),虹桥路2419号,,,,0,2,2,0,0
395,上海,闵行区,酷派网球场,虹桥镇延安西路3328号酷派网球俱乐部,,,,0,2,2,0,0
396,上海,长宁区,恺名网球俱乐部,虹桥路2272号,,,,1,0,1,0,0
397,上海,长宁区,HGA网球俱乐部(虹梅路店)·森晟世洋国际广场,虹梅路3721号森晟世洋国际广场,,,,0,1,1,0,0
398,上海,闵行区,明越网球(虹桥古北店),虹桥镇程家桥支路201号智地大厦9楼,,,,0,1,1,0,0
399,上海,闵行区,【新店开业9折】至臻网球·虹桥店,合川路3088号4号楼1楼,,,,2,0,2,0,0
400,上海,闵行区,虹桥基金小镇,虹梅路3081号,,,,0,1,1,0,0
401,上海,闵行区,魔都Modu网羽馆,吴中路1588号上海爱琴海购物中心9楼,,,,1,0,1,0,0
402,上海,闵行区,瑞趣网球俱乐部(万象城店),吴中路1799号万象城写字楼A座UG层近DD...,,,,0,2,2,0,0
403,上海,闵行区,明泉网球场,虹秀路51号,,,,1,0,1,0,0
404,上海,闵行区,凌客网球学院(星中路店),星东路1001号,,,,0,2,2,0,0
405,上海,闵行区,沪动吧网球俱乐部(漕河泾店),漕宝路1245号悠享家公寓5楼楼顶,,,,0,2,0,0,2
406,上海,闵行区,OASES绿洲运动中心,田林路888弄1号楼,,,,3,0,3,0,0
407,上海,闵行区,七乐网球(顾戴路室内店),顾戴路1618号,,,,2,3,5,0,0
408,上海,闵行区,焱网古美东苑网球场,顾戴路1178弄31号3楼,,,,0,3,3,0,0
409,上海,闵行区,城开CTP网球俱乐部(万源城·乐斯生活会馆店),万源路916号乐斯生活会馆4楼,,,,0,2,2,0,0
410,上海,闵行区,快网网球俱乐部(古美中环运动公园),虹梅路与古龙路交叉口西北40米,,,,0,1,1,0,0
411,上海,静安区,大干体育运动俱乐部,沪太路1111号(近高平路)静安大融城...,,,,5,0,5,0,0
412,上海,静安区,至臻网球(大宁店),灵石路709号秀709媒体园44幢3楼,,,,5,0,5,0,0
413,上海,静安区,跃网·RISING(大宁店),平陆路356弄1-10号,,,,2,0,2,0,0
414,上海,静安区,水星网球(大宁室内馆),彭江路602号,,,,2,0,2,0,0
415,上海,静安区,沪动吧网球俱乐部(老沪太路店),老沪太路199弄新弘国际公寓小区里,,,,0,1,1,0,0
416,上海,静安区,HGA网球俱乐部(盛源广场店),柳营路777号盛源广场电梯至5楼(麦当劳右手边),,,,0,1,1,0,0
417,上海,静安区,HGA网球俱乐部(共和新路店),共和新路1301号北楼8楼楼顶,,,,0,1,0,0,1
418,上海,静安区,明越网球俱乐部(共和新路店),共和新路1165号3号楼3楼,,,,0,1,0,0,1
419,上海,静安区,合一网球俱乐部(柳营灯饰城店),柳营路216号新柳营灯饰广场4号楼楼顶...,,,,0,2,2,0,0
420,上海,静安区,3L Tennis(七浦路店),七浦路488号白马高级服装市场3楼楼顶平台,,,,0,1,1,0,0
421,上海,静安区,至臻网球·静安大悦城店,安庆路495号停车场内,,,,0,5,5,0,0
422,上海,虹口区,快网网球俱乐部(壹丰广场店),四川北路1363号壹丰广场5楼楼顶,,,,0,1,1,0,0
423,上海,静安区,内啡肽(七浦路店),河南北路99号,,,,0,1,1,0,0
424,上海,虹口区,白玉兰网球中心,东长治路588号,,,,2,2,4,0,0
425,上海,虹口区,北外滩社区市民健身中心,通州路99号,,,,3,0,3,0,0
426,上海,虹口区,北外滩社区市民健身中心·红土场,通州路99号,,,,1,0,0,1,0
427,上海,虹口区,北外滩网球运动中心,通州路99号3层,,,,1,0,0,1,0
428,上海,杨浦区,长阳创谷体育中心,黄兴路168号,,,,1,0,1,0,0
429,上海,杨浦区,乐动力·杨浦体育馆,隆昌路640号杨浦体育馆西门橙狮体育主楼...,,,,4,0,4,0,0
430,上海,杨浦区,至臻网球(黄兴体育公园店),双阳北路363号黄兴体育公园网球场,,,,3,0,3,0,0
431,上海,宝山区,快网网球俱乐部(大华虎城店),大华路318号中信银行侧面电梯上三楼楼梯上...,,,,1,0,1,0,0
432,上海,普陀区,万里公园·万里城中央绿地,万里名轩西北,,,,0,2,2,0,0
433,上海,普陀区,HGA网球俱乐部(行云店),富平路99号园区内开车从交通局上的南门左手...,,,,0,2,2,0,0
434,上海,普陀区,Our Tennis网球俱乐部(行云球场),富平路99号创享社区,,,,0,5,5,0,0
435,上海,普陀区,至臻网球(华池店双打场),华池路58弄新体育广场5号楼对面至臻....,,,,0,1,1,0,0
436,上海,普陀区,至臻网球(华池店单打场),华池路58弄新体育广场网球场,,,,2,2,4,0,0
437,上海,普陀区,上海市体育宫,大渡河路1860号沪西体育宫内(近铜川路),,,,0,4,4,0,0
438,上海,普陀区,麦斯特网球中心(岚皋路店)·洛克公园(铜川路店),铜川路185号(洛克体育公园园区内),,,,0,3,3,0,0
439,上海,普陀区,快网网球俱乐部(普陀美凯龙店),真北路1108号红星美凯龙7楼,,,,2,0,2,0,0
440,上海,普陀区,丹巴路市民网球场,丹巴路201号,,,,0,1,1,0,0
441,上海,普陀区,光圈网球·HALOTENNIS(长风大悦城店),大渡河路196号7楼,,,,0,1,1,0,0
442,上海,普陀区,Our Tennis网球俱乐部(皓月球场),光复西路2739号3A,,,,0,2,0,0,2
443,上海,闵行区,爱登堡知妤网球俱乐部,恒西路139号爱登堡园区内东南侧,,,,2,0,2,0,0
444,上海,闵行区,暴风运动·网羽中心(浦江店),三鲁公路3585号6号楼2楼,,,,1,0,1,0,0
445,上海,闵行区,暴风运动,三鲁公路3585号7幢2层,,,,10,0,10,0,0
446,上海,闵行区,乐达体育中心,浦江镇竹园路139号,,,,2,0,2,0,0
447,上海,闵行区,浦江镇市民健身中心,江玮路269号,,,,0,2,2,0,0
448,上海,闵行区,点匠网球俱乐部(绿亮科创园店),虹梅南路2588号绿亮科技园内,,,,2,0,2,0,0
449,上海,闵行区,绿亮科创园网球场,虹梅南路2588号(绿亮科创园内),,,,2,0,2,0,0
450,上海,闵行区,GOAT巨星室内网球馆,联曹路305号B3,,,,2,0,2,0,0
451,上海,闵行区,育帆网球馆,双柏路879弄88号A栋,,,,2,0,2,0,0
452,上海,闵行区,上海奕晋网球俱乐部(景东路分部),龙吴路4221号二号路与五号路叉口西,,,,7,0,7,0,0
453,上海,闵行区,明越网球俱乐部(元江球场),吴泾镇元江路525号金领谷科技产业园7号,,,,0,1,0,0,1
454,上海,闵行区,泾彩菁英网球俱乐部,曲吴路589号(上海梦谷南上海文化创意产业园),,,,4,0,4,0,0
455,上海,闵行区,光圈网球·HALOTENNIS(梅陇运康店),梅龙镇伟业路855号,,,,0,2,0,0,2
456,上海,闵行区,上海智胜网球(春申路店),春申路2328号张慕工业园区4号楼1层,,,,1,0,1,0,0
457,上海,闵行区,智胜网球俱乐部(春申路店),春申路2328号张慕工业园区4号楼202,,,,1,0,1,0,0
458,上海,闵行区,上海智胜网球旗舰店,春申路1899号,,,,12,0,12,0,0
459,上海,闵行区,泰尼士网球中心,春申路2328号张慕工业园区进门右侧,,,,8,0,8,0,0
460,上海,闵行区,OKK网球俱乐部,都庄路4300号,,,,9,0,9,0,0
461,上海,闵行区,疯狂网球俱乐部(闵行星河湾店),梅州路56号,,,,0,4,4,0,0
462,上海,闵行区,麦斯特网球中心(星河湾店),Realpark king sports体育公园南门旁,,,,0,4,4,0,0
463,上海,闵行区,工匠体育(莲花南路店),莲花南路1688号,,,,1,0,1,0,0
464,上海,闵行区,瑞趣网球俱乐部(闵行星河湾店),都会路3799号网球场,,,,2,0,2,0,0
465,上海,闵行区,点匠网球俱乐部(越也室内店),虹梅南路2599号越也大厦208,,,,2,0,2,0,0
466,上海,闵行区,智胜网球俱乐部(金都路店),金都路1199号越界1199上海智胜网球,,,,5,0,5,0,0
467,上海,闵行区,得客会体育中心,颛兴东路1421弄15号,,,,17,0,17,0,0
468,上海,闵行区,憨牛网球俱乐部(闵行店),向阳路1369号,,,,2,1,3,0,0
469,上海,闵行区,Best U保利光合体育公园,兰莲路168弄,,,,0,1,1,0,0
470,上海,闵行区,奕晋网球俱乐部,放鹤路2169号,,,,8,0,0,8,0
471,上海,闵行区,明越网球俱乐部(永德路店),莲花南路3999弄满天星生活广场7号楼,,,,0,1,1,0,0
472,上海,闵行区,PDT紫色动力国际网球俱乐部,龙吴路5891号火星一号商业广场,,,,1,1,2,0,0
473,上海,闵行区,至臻网球(莘庄店),莘沥路580号丙至臻网球,,,,4,0,4,0,0
474,上海,闵行区,恒瑞网球俱乐部(莘庄龙之梦店),沪闵路6088号凯德闵行商业中心F4,,,,0,1,1,0,0
475,上海,闵行区,瑞趣网球俱乐部(莘庄店),都市路5001号仲盛世界商城五层5F24,,,,2,1,3,0,0
476,上海,闵行区,迈乐网球俱乐部,宝城路莘城公寓1号门,,,,0,1,1,0,0
477,上海,闵行区,阳光中心网球会馆,新桥光华支路2891号,,,,3,0,3,0,0
478,上海,松江区,酷享网球(莘松路店),莘松路1288弄(浦菲优澜健身房门前),,,,0,2,2,0,0
479,上海,松江区,道格馨庭网球俱乐部,明中路1588弄849号,,,,0,2,2,0,0
480,上海,松江区,道格达安网球俱乐部,明中路1177弄圣芭芭花园网球场,,,,0,1,1,0,0
481,上海,松江区,相见网球空调场(申徐二路店),申徐二路8号(相见网球),,,,2,0,2,0,0
482,上海,浦东新区,大桥网球,塘桥街道南浦大桥下龙阳路5号-1,,,,2,0,2,0,0
483,上海,浦东新区,星跃网球俱乐部,浦明路1888号东江体育文化中心,,,,0,6,6,0,0
484,上海,浦东新区,VEGA TENNIS,民生路288号海事邻里中心三号楼3楼,,,,2,0,2,0,0
485,上海,浦东新区,快网网球俱乐部(羽山乐坊店),崮山路717号乐坊·羽山生活广场6F天台,,,,0,1,1,0,0
486,上海,浦东新区,因乐驰网球俱乐部(陆家嘴店),启新路1号对面(菊园学校对面内部停车),,,,0,1,1,0,0
487,上海,浦东新区,007网球新大陆店,新大陆广场南泉北路588号北楼5楼,,,,0,1,1,0,0
488,上海,浦东新区,快网·世纪大道球场,向城路29号世纪公馆,,,,0,1,1,0,0
489,上海,浦东新区,光圈网球·HALOTENNIS(通茂大厦),松林路357号通茂大厦五楼,,,,0,1,1,0,0
490,上海,浦东新区,源深体育中心·浦东网球中心,羽山路9号(近桃林路),,,,16,0,16,0,0
491,上海,浦东新区,快网网球俱乐部(杨高中路店),杨源路195号,,,,2,0,0,0,2
492,上海,浦东新区,中邦风雅颂联洋花园网球场,丁香路1089弄,,,,0,1,1,0,0
493,上海,黄浦区,七乐网球(黄浦店),半淞园路388号越界·世博园C2幢楼顶,,,,0,2,0,0,2
494,上海,黄浦区,沪逸动网球俱乐部,外马路1353号(世博黄浦体育园3楼),,,,0,2,2,0,0
495,上海,黄浦区,世博黄浦体育园,外马路1353号,,,,2,1,3,0,0
496,上海,虹口区,北外滩社区市民健身中心,通州路99号,,,,3,0,3,0,0
497,上海,宝山区,二元里体育文化中心,宝安公路2400弄159号,,,,0,3,3,0,0
498,上海,嘉定区,包桥社区公共运动场,马陆镇宝安公路2888弄包桥小区内,,,,0,1,1,0,0
499,上海,嘉定区,满贯体育·紫气东来体育公园,紫气东来体育公园(天祝路与云谷路路口),,,,0,4,4,0,0
500,上海,嘉定区,满贯体育·龙湖运动场(环城林带运动场),龙湖郦城西区西南门东南160米...,,,,0,1,1,0,0
501,上海,嘉定区,满贯体育·市民体育公园,安亭镇安辰路,,,,0,4,4,0,0
502,上海,嘉定区,蓝莲花网球俱乐部・嘉亭荟,墨玉南路1055号嘉亭荟城市生活广场F4层,,,,0,2,2,0,0
503,上海,嘉定区,Ace Park极网体育,安亭镇博园路7575号会展中心南厅7号门,,,,2,0,2,0,0
504,上海,嘉定区,蒋越网球俱乐部,杭桂路1100号中波研发大楼院内,,,,2,0,2,0,0
505,上海,嘉定区,光圈网球·HALOTENNIS (曹安国际室内馆),曹安公路1899号曹安国际商城四楼,,,,2,3,5,0,0
506,上海,嘉定区,HGA网球俱乐部(曹丰店),曹安公路1685号,,,,0,2,2,0,0
507,上海,青浦区,酷享网球(南华苑度假村店),华新南华苑度假村华腾路969号,,,,0,2,2,0,0
508,上海,青浦区,派网球(Tennis),华新镇民兴大道77号派网球,,,,3,0,3,0,0
509,上海,青浦区,明熙网球学院大虹桥基地,徐泾镇徐祥路368号,,,,8,0,8,0,0
510,上海,青浦区,易网球(蟠龙天地店)·德必易园洛克公园,华徐公路605号(西虹桥德必易园),,,,2,2,4,0,0
511,上海,青浦区,添蓝添达网球场,崧复路1877号,,,,2,0,2,0,0
512,上海,青浦区,酷享网球(徐泾北城都市运动中心店),徐泾镇乐强路300号三楼,,,,1,0,1,0,0
513,上海,青浦区,崧泽网球场(松润泽),秀淳路与崧润路交叉口东北40米,,,,0,2,2,0,0
514,上海,青浦区,Relax芮雷克斯室内网球馆,盈港东路6655号2幢202,,,,2,0,2,0,0
515,上海,青浦区,诸星耀网球俱乐部,崧秀陆288号上海崧亮科技有限公司园...,,,,2,0,2,0,0
516,上海,青浦区,酷享网球(熊猫广场店),沪青平公路2899号熊猫广场2楼E205号...,,,,0,2,2,0,0
517,上海,青浦区,HGA网球俱乐部(元祖梦世界店),嘉松中路6200号元祖梦世界5楼,,,,0,3,0,0,3
518,上海,黄浦区,七乐网球(黄浦店),半淞园路388号越界·世博园C2幢楼顶,,,,0,2,0,0,2
519,上海,黄浦区,沪逸动网球俱乐部,外马路1353号(世博黄浦体育园3楼楼...,,,,0,2,2,0,0
520,上海,黄浦区,快网网球俱乐部(绿地缤纷城店),龙华东路810号,,,,0,1,0,0,1
521,上海,黄浦区,ThirtyAll Tennis Club (鲁班路店),鲁班路909号,,,,0,1,1,0,0
522,上海,浦东新区,大桥网球,塘桥街道南浦大桥下龙阳路5号-1,,,,2,0,2,0,0
523,上海,浦东新区,星跃网球俱乐部(东江体育文化中心),浦明路1888号东江体育文化中心,,,,0,6,6,0,0
524,上海,浦东新区,Our Tennis网球俱乐部(Dome世博球场),世博大道1368号1区L2层,,,,1,0,1,0,0
525,上海,浦东新区,世博源室内网球场·GamelsOn竞昂体育,世博源2区L2层(新白鹿餐厅旁),,,,1,0,1,0,0
526,上海,浦东新区,憨牛网球俱乐部(浦东店),国展路812号园区内,,,,2,0,2,0,0
527,上海,浦东新区,ThirtyAll关键分网球世博源店,世博大道1368号世博源五区南广场,,,,0,3,3,0,0
528,上海,浦东新区,拍晟网球(浦东游泳馆店),浦东南路3669弄浦东游泳馆旁,,,,0,2,2,0,0
529,上海,浦东新区,三林体育中心,云莲路201号,,,,0,2,2,0,0
530,上海,浦东新区,极拍运动(三林体育中心店),云莲路201号三林体育中心2号门一楼商...,,,,3,0,3,0,0
531,上海,浦东新区,快网网球俱乐部(浦东大华店),成山路1139号锦绣中心5楼,,,,0,2,2,0,0
532,上海,浦东新区,Bon Bon Tennis,特来电充电站(上海交运上南路3459号充...,,,,2,0,2,0,0
533,上海,浦东新区,至臻网球(前滩店),西营南路555号新东里运动中心三楼,,,,2,0,2,0,0
534,上海,浦东新区,快网网球俱乐部(杨思晟初体育中心店),长清路1200弄森宏购物广场,,,,0,2,2,0,0
535,上海,浦东新区,奈杰尔网球俱乐部(济阳路店),济阳路1875号,,,,3,0,3,0,0
536,上海,浦东新区,HGA网球俱乐部(三林前滩店·济阳路旗舰店),济阳路1973号,,,,0,6,6,0,0
537,上海,浦东新区,东诚网球俱乐部,三林镇三林地铁站三号口后面,,,,0,1,1,0,0
538,上海,浦东新区,至臻网球(金谊店),上南路4467号至臻网球金谊店(金谊天...,,,,0,4,4,0,0
539,上海,浦东新区,振狮七乐,前滩体育公园西门西南240米上海民航...,,,,2,0,2,0,0
540,上海,浦东新区,快网网球俱乐部(前滩体育公园店),前滩大道735号前滩休闲公园,,,,0,2,2,0,0
541,上海,徐汇区,麦趣网球俱乐部(徐汇滨江店),东安路562号绿地缤纷城6楼空中花园,,,,1,0,1,0,0
542,上海,徐汇区,麦趣网球俱乐部(徐汇尚湾里店),宛南实验幼儿园(瑞宁路816号)马路对面楼...,,,,0,1,1,0,0
543,上海,徐汇区,DUECE TENNIS寻网网球·徐滨店,瑞平路320号保利时光里B1-3132,,,,3,0,3,0,0
544,上海,徐汇区,RING TENNIS 光环网球(徐汇店),瑞平路230号保利时光里3楼天台,,,,0,1,1,0,0
545,上海,徐汇区,瑞趣网球俱乐部(南站店),石龙路730号(近上海长途客运南站2号门,,,,1,0,1,0,0
546,上海,徐汇区,光圈网球×元気UP Tennis,罗秀路1135号,,,,0,4,4,0,0
547,上海,徐汇区,至臻网球(徐汇旗舰店),平福路299-1号,,,,6,0,6,0,0
548,上海,徐汇区,乐动力·西岸风之谷体育公园,龙吴路1800号,,,,6,0,6,0,0
549,上海,普陀区,沪动网球馆(真南路店),真南路822弄455支弄,,,,4,0,4,0,0
550,上海,普陀区,决胜点网球(未来岛店),绥德路613弄1号楼旁,,,,0,2,2,0,0
551,上海,普陀区,金鼎网球场,金鼎路1500号,,,,0,4,4,0,0
552,上海,普陀区,十五分网球俱乐部,普陀区铜川路1688号,,,,0,1,1,0,0
553,上海,普陀区,穿越致胜网球俱乐部(中环百联店),真光路1288号中环百联5楼平台,,,,0,3,0,0,3
554,上海,普陀区,至臻网球(梅川店),梅川路1318号至臻网球场(迪卡侬背面),,,,4,0,4,0,0
555,上海,宝山区 ,6号网球中心 ,逸仙路1328号新业坊·源创园区内 ,,,,3,3,6,0,0
556,上海,宝山区 ,One More Club OMC网球场 ,淞南镇军工路5169号宝车荟复地网球场 ,,,,6,0,6,0,0
557,上海,宝山区 ,海鸥网球俱乐部 ,中成智谷B0栋五楼网球场 ,,,,0,1,1,0,0
558,上海,宝山区 ,合一网球俱乐部(芳草寓店) ,淞南镇松行路323号芳草寓小区内网球场 ,,,,2,0,2,0,0
559,上海,宝山区 ,跃网·RISING(淞南网球中心) ,淞发路(和欣假日商业广场南方向100... ,,,,3,4,7,0,0
560,上海,宝山区 ,CPK TENNIS ,长逸路15号建配龙C馆5楼(盒马旁电梯... ,,,,2,0,2,0,0
561,上海,宝山区 ,极星网球俱乐部 ,何家湾路2号内 ,,,,8,0,8,0,0
562,上海,虹口区 ,沪动吧网球俱乐部(彩虹湾店) ,凉城路2158号(江湾派出所洛克公园7... ,,,,0,2,2,0,0
563,上海,黄浦区 ,七乐网球(黄浦店) ,半淞园路388号越界·世博园C2幢楼顶 ,,,,0,2,0,0,2
564,上海,黄浦区 ,沪逸动网球俱乐部 ,外马路1353号(世博黄浦体育园3楼楼... ,,,,0,2,2,0,0
565,上海,黄浦区 ,快网网球俱乐部(绿地缤纷城店) ,龙华东路810号 ,,,,0,1,0,0,1
566,上海,黄浦区 ,ThirtyAll Tennis Club (鲁班路店) ,鲁班路909号 ,,,,0,1,1,0,0
567,上海,嘉定区 ,光圈网球·HALOTENNIS (曹安国际室内馆) ,曹安公路1899号曹安国际商城四楼 ,,,,3,2,5,0,0
568,上海,嘉定区 ,HGA网球俱乐部(曹丰店) ,曹安公路1685号 ,,,,0,2,2,0,0
569,上海,浦东新区 ,达高运动馆·勋燃体育 ,莱阳路2927弄49号 ,,,,1,0,1,0,0
570,上海,浦东新区 ,大桥网球 ,塘桥街道南浦大桥下龙阳路5号-1 ,,,,2,0,2,0,0
571,上海,浦东新区 ,星跃网球俱乐部(东江体育文化中心) ,浦明路1888号东江体育文化中心 ,,,,0,6,6,0,0
572,上海,浦东新区 ,Our Tennis网球俱乐部(Dome世博球场) ,世博大道1368号1区L2层 ,,,,1,0,1,0,0
573,上海,浦东新区 ,世博源室内网球场·GamelsOn竞昂体育 ,世博源2区L2层(新白鹿餐厅旁) ,,,,1,0,1,0,0
574,上海,浦东新区 ,憨牛网球俱乐部(浦东店) ,国展路812号园区内 ,,,,2,0,2,0,0
575,上海,浦东新区 ,ThirtyAll关键分网球世博源店 ,世博大道1368号世博源五区南广场 ,,,,0,3,3,0,0
576,上海,浦东新区 ,拍晟网球(浦东游泳馆店) ,浦东南路3669弄浦东游泳馆旁 ,,,,0,2,2,0,0
577,上海,浦东新区 ,三林体育中心 ,云莲路201号 ,,,,0,2,2,0,0
578,上海,浦东新区 ,极拍运动(三林体育中心店) ,云莲路201号三林体育中心2号门一楼商... ,,,,3,0,3,0,0
579,上海,浦东新区 ,快网网球俱乐部(浦东大华店) ,成山路1139号锦绣中心5楼 ,,,,0,2,2,0,0
580,上海,浦东新区 ,Bon Bon Tennis ,特来电充电站(上海交运上南路3459号充... ,,,,2,0,2,0,0
581,上海,浦东新区 ,至臻网球(前滩店) ,西营南路555号新东里运动中心三楼 ,,,,2,0,2,0,0
582,上海,浦东新区 ,快网网球俱乐部(杨思晟初体育中心店) ,长清路1200弄森宏购物广场 ,,,,0,2,2,0,0
583,上海,浦东新区 ,奈杰尔网球俱乐部(济阳路店) ,济阳路1875号 ,,,,3,0,3,0,0
584,上海,浦东新区 ,HGA网球俱乐部(三林前滩店·济阳路旗舰店) ,济阳路1973号 ,,,,0,6,6,0,0
585,上海,浦东新区 ,东诚网球俱乐部 ,三林镇三林地铁站三号口后面 ,,,,0,1,1,0,0
586,上海,浦东新区 ,至臻网球(金谊店) ,上南路4467号至臻网球金谊店(金谊天... ,,,,0,4,4,0,0
587,上海,浦东新区 ,振狮七乐 ,前滩体育公园西门西南240米上海民航... ,,,,2,0,2,0,0
588,上海,浦东新区 ,快网网球俱乐部(前滩体育公园店) ,前滩大道735号前滩休闲公园 ,,,,0,2,2,0,0
589,上海,普陀区 ,沪动网球馆(真南路店) ,真南路822弄455支弄 ,,,,4,0,4,0,0
590,上海,普陀区 ,决胜点网球(未来岛店) ,绥德路613弄1号楼旁 ,,,,0,2,2,0,0
591,上海,普陀区 ,金鼎网球场 ,金鼎路1500号 ,,,,0,4,4,0,0
592,上海,普陀区 ,十五分网球俱乐部 ,普陀区铜川路1688号 ,,,,0,1,1,0,0
593,上海,普陀区 ,穿越致胜网球俱乐部(中环百联店) ,真光路1288号中环百联5楼平台 ,,,,0,3,0,0,3
594,上海,普陀区 ,至臻网球(梅川店) ,梅川路1318号至臻网球场(迪卡侬背面) ,,,,4,0,4,0,0
595,上海,徐汇区 ,麦趣网球俱乐部(徐汇滨江店) ,东安路562号绿地缤纷城6楼空中花园 ,,,,1,0,1,0,0
596,上海,徐汇区 ,麦趣网球俱乐部(徐汇尚湾里店) ,宛南实验幼儿园(瑞宁路816号)马路对面楼... ,,,,0,1,1,0,0
597,上海,徐汇区 ,DUECE TENNIS寻网网球·徐滨店 ,瑞平路320号保利时光里B1-3132 ,,,,3,0,3,0,0
598,上海,徐汇区 ,RING TENNIS 光环网球(徐汇店) ,瑞平路230号保利时光里3楼天台 ,,,,0,1,1,0,0
599,上海,徐汇区 ,瑞趣网球俱乐部(南站店) ,石龙路730号(近上海长途客运南站2号门 ,,,,1,0,1,0,0
600,上海,徐汇区 ,光圈网球×元気UP Tennis ,罗秀路1135号 ,,,,0,4,4,0,0
601,上海,徐汇区 ,至臻网球(徐汇旗舰店) ,平福路299-1号 ,,,,6,0,6,0,0
602,上海,徐汇区 ,乐动力·西岸风之谷体育公园 ,龙吴路1800号 ,,,,6,0,6,0,0
603,上海,杨浦区 ,DF综合体育 ,新江湾城政和路1038号门店 ,,,,0,1,1,0,0
604,上海,杨浦区 ,快网网球俱乐部(杨浦运动健康促进中心公共运动场店) ,淞沪路2100号SMP滑板公园东北门网球场 ,,,,0,3,3,0,0
605,上海,杨浦区 ,瑞趣网球俱乐部(杨浦悠方店) ,殷行路1388号悠方购物中心R6栋4楼网球场 ,,,,1,0,1,0,0
606,上海,杨浦区 ,至臻网球·五角场店 ,武东路32号海达工业园4号楼1楼 ,,,,4,0,4,0,0
607,上海,杨浦区 ,极拍运动(安徒生网球馆) ,国泓路200号(10号线殷高东路站4号口步行5... ,,,,2,0,2,0,0
608,上海,杨浦区 ,中原体育场 ,开鲁路518-1号 ,,,,0,2,2,0,0
609,上海,杨浦区 ,祥铭网球中心 ,民京路781号祥铭城市运动中心四号馆祥铭网... ,,,,1,0,1,0,0
610,上海,杨浦区 ,光圈网球·HALOTENNIS (江湾草地店) ,国和路346号江湾体育场 ,,,,0,5,0,0,5
611,上海,杨浦区 ,快网网球俱乐部(江湾体育中心店) ,国和路346号江湾体育场内 ,,,,2,2,4,0,0
612,上海,杨浦区 ,打开网球 ,翔殷路1099号合生汇国际广场6楼(五号电梯... ,,,,0,1,1,0,0
613,上海,杨浦区 ,明星网球俱乐部 ,民星路158号(和水实业园内) ,,,,4,0,4,0,0
614,上海,长宁区,泰荣苑,水城路680弄,,,,0,1,1,0,0
615,上海,长宁区,至臻网球(古北店),红宝石路533号古北花世界210室...,,,,2,0,2,0,0
616,上海,长宁区,金智塔网球中心(古北店),虹桥街道古羊路717号,,,,0,3,3,0,0
617,上海,长宁区,企曾体育(原天辰俱乐部古北网球场),富贵东道118号后面网球场,,,,0,2,2,0,0
618,上海,长宁区,七乐网球·古北店,古羊路459号(姚虹路地铁旁),,,,0,3,3,0,0
619,上海,长宁区,拼搏体育网球俱乐部(新时空网球场),汇川路99号新时空国际商务广场8楼,,,,2,0,2,0,0
620,上海,长宁区,华敏世纪广场,延安西路688弄3号-16号,,,,0,1,1,0,0
621,上海,长宁区,长宁网球场,华山路1038弄173号,,,,0,3,3,0,0
622,上海,长宁区,快网网球俱乐部(虹桥路店),虹桥街道中山西路1279弄2号楼澳空间,,,,0,1,1,0,0
623,上海,闵行区,HGA网球俱乐部(体汇+名都体育公园店),虹桥镇红松东路620号体汇+名都体育公园,,,,0,2,0,0,2
624,上海,闵行区,亦新网球俱乐部(光大会展室外店),漕宝路82号上海光大会展中心E座4楼天台,,,,0,2,2,0,0
625,上海,徐汇区,洛克公园网球馆(漕河泾商汤),宜山路1101号,,,,0,2,2,0,0
626,上海,徐汇区,七乐网球(徐汇田林店),田林路130号锦和越界田林坊81栋(顶楼...,,,,0,1,1,0,0
627,上海,徐汇区,田林体育俱乐部,田林体育俱乐部东门旁,,,,0,4,4,0,0
628,上海,徐汇区,上海光大会展中心网球场(沪动吧网球俱乐部,漕宝路88号,,,,1,0,1,0,0
629,上海,徐汇区,亦新网球俱乐部(光大会展室内店),漕宝路82号上海光大会展中心E座4楼天台,,,,1,0,1,0,0
630,上海,徐汇区,康东网球馆(室内红土场),浦北路270号,,,,3,0,0,3,0
631,上海,徐汇区,康东网球馆(室外硬地场),浦北路270号,,,,0,4,4,0,0
632,上海,徐汇区,汾阳花园酒店网球场,汾阳路45号,,,,0,1,1,0,0
633,上海,徐汇区,星际体城(吴兴路店),吴兴路277号吴界1号楼15楼,,,,0,1,1,0,0
634,上海,徐汇区,星际体城(文定路店-室外网球场),文定路218号B栋5楼,,,,0,5,5,0,0
635,上海,徐汇区,越界全景网球场,凯旋路2588号锦和越界原力方屋顶,,,,0,1,0,0,1
636,上海,徐汇区,徐家汇体育公园综合馆·室外场,漕溪北路1111号,,,,0,4,4,0,0
637,上海,徐汇区,奉城镇第一体育公共运动场,江阴路泰方社区,,,,0,1,1,0,0
638,上海,徐汇区,WoW Tennis 沃梧网球,嘉善路508号1号楼10楼,,,,0,3,3,0,0
639,上海,徐汇区,陕西南路888俱乐部,陕西南路888弄1号楼8楼顶层,,,,0,1,1,0,0
640,上海,普陀区,至臻网球(曹杨店),曹杨路520号至臻网球,,,,2,0,2,0,0
641,上海,普陀区,四方体育中心网球馆(苏堤春晓名苑网球场)-,长寿路800弄,,,,0,1,1,0,0
642,上海,静安区,静安区工人体育场,昌平路888号,,,,0,2,2,0,0
643,上海,静安区,星空网球俱乐部,大田路555号,,,,0,2,2,0,0
644,上海,静安区,1877网球俱乐部(静安嘉里店),南京西路1515号静安嘉里中心商场东区3楼...,,,,0,1,1,0,0
645,上海,静安区,静安区体育馆,南阳路123号,,,,2,0,2,0,0
646,上海,静安区,内啡肽(七浦路店),河南北路99号,,,,0,1,1,0,0
647,上海,静安区,3L Tennis(七浦路店),七浦路488号白马高级服装市场3楼楼顶平台,,,,0,1,1,0,0
648,上海,黄浦区,Best U网球中心(花园饭店),茂名南路58号(进花园饭店大门直走到底...,,,,0,2,2,0,0
649,上海,黄浦区,卢湾网球中心·室外场,肇嘉浜路128号(卢湾体育馆内近陕西南路),,,,0,4,4,0,0
650,上海,黄浦区,卢湾网球中心·室内馆,肇嘉浜路128号(卢湾体育馆内近陕西南路),,,,2,0,2,0,0
651,上海,黄浦区,Bund Tennis 邦德网球(新天地店)·翠湖天地御苑会所,顺昌路168弄10号翠湖天地御苑会所B2,,,,1,0,1,0,0
652,上海,虹口区,白玉兰网球中心,东长治路588号,,,,2,2,4,0,0
